commentDate, commentCount
2011-08-24,3
2011-08-25,1
2011-08-26,2
2011-08-27,4
2011-08-28,2
2011-08-31,1
2011-09-01,4
2011-09-02,10
2011-09-03,31
2011-09-04,4
2011-09-05,17
2011-09-06,12
2011-09-07,7
2011-09-08,12
2011-09-09,21
2011-09-10,3
2011-09-11,8
2011-09-12,14
2011-09-13,15
2011-09-14,15
2011-09-15,4
2011-09-16,14
2011-09-17,5
2011-09-18,11
2011-09-19,48
2011-09-20,19
2011-09-21,35
2011-09-22,13
2011-09-23,6
2011-09-24,19
2011-09-25,18
2011-09-26,11
2011-09-27,4
2011-09-28,17
2011-09-29,1
2011-09-30,1
2011-10-01,2
2011-10-03,8
2011-10-04,23
2011-10-05,32
2011-10-06,1
2011-10-07,3
2011-10-08,31
2011-10-09,3
2011-10-10,1
2011-10-11,53
2011-10-12,10
2011-10-13,29
2011-10-14,3
2011-10-16,1
2011-10-17,54
2011-10-18,42
2011-10-19,54
2011-10-20,32
2011-10-21,4
2011-10-22,9
2011-10-23,17
2011-10-24,3
2011-10-25,1
2011-10-26,16
2011-10-28,5
2011-10-29,9
2011-10-30,12
2011-10-31,6
2011-11-01,33
2011-11-02,20
2011-11-03,57
2011-11-04,17
2011-11-05,7
2011-11-06,35
2011-11-07,9
2011-11-08,27
2011-11-11,38
2011-11-12,1
2011-11-14,9
2011-11-15,16
2011-11-16,27
2011-11-17,15
2011-11-18,82
2011-11-19,102
2011-11-20,44
2011-11-21,113
2011-11-22,63
2011-11-23,115
2011-11-24,107
2011-11-25,135
2011-11-26,61
2011-11-27,91
2011-11-28,168
2011-11-29,142
2011-11-30,29
2011-12-01,98
2011-12-02,148
2011-12-03,67
2011-12-04,41
2011-12-05,101
2011-12-06,117
2011-12-07,60
2011-12-08,139
2011-12-09,91
2011-12-10,33
2011-12-11,35
2011-12-12,126
2011-12-13,63
2011-12-14,111
2011-12-15,118
2011-12-16,128
2011-12-17,12
2011-12-18,18
2011-12-19,264
2011-12-20,91
2011-12-21,137
2011-12-22,221
2011-12-23,47
2011-12-24,65
2011-12-25,60
2011-12-26,35
2011-12-27,27
2011-12-28,72
2011-12-29,70
2011-12-30,61
2011-12-31,76
2012-01-01,30
2012-01-02,51
2012-01-03,90
2012-01-04,67
2012-01-05,90
2012-01-06,75
2012-01-07,64
2012-01-08,46
2012-01-09,95
2012-01-10,120
2012-01-11,97
2012-01-12,82
2012-01-13,63
2012-01-14,26
2012-01-15,49
2012-01-16,94
2012-01-17,73
2012-01-18,27
2012-01-19,85
2012-01-20,85
2012-01-21,20
2012-01-23,104
2012-01-24,49
2012-01-25,30
2012-01-26,62
2012-01-27,55
2012-01-28,37
2012-01-29,21
2012-01-30,71
2012-01-31,40
2012-02-01,42
2012-02-02,64
2012-02-03,45
2012-02-04,21
2012-02-05,48
2012-02-06,100
2012-02-07,97
2012-02-08,23
2012-02-09,28
2012-02-10,37
2012-02-11,24
2012-02-12,68
2012-02-13,91
2012-02-14,70
2012-02-15,55
2012-02-16,129
2012-02-17,20
2012-02-18,31
2012-02-19,37
2012-02-20,15
2012-02-21,67
2012-02-22,68
2012-02-23,58
2012-02-24,23
2012-02-25,13
2012-02-26,32
2012-02-27,67
2012-02-28,51
2012-02-29,37
2012-03-01,18
2012-03-02,54
2012-03-03,26
2012-03-04,3
2012-03-05,12
2012-03-06,73
2012-03-07,40
2012-03-08,7
2012-03-09,56
2012-03-10,20
2012-03-11,16
2012-03-12,38
2012-03-13,15
2012-03-14,11
2012-03-15,38
2012-03-16,16
2012-03-17,12
2012-03-18,1
2012-03-19,23
2012-03-20,37
2012-03-21,4
2012-03-22,83
2012-03-23,44
2012-03-24,43
2012-03-25,58
2012-03-26,199
2012-03-27,247
2012-03-28,130
2012-03-29,90
2012-03-30,121
2012-03-31,28
2012-04-01,103
2012-04-02,51
2012-04-03,76
2012-04-04,118
2012-04-05,114
2012-04-06,110
2012-04-07,18
2012-04-08,81
2012-04-09,84
2012-04-10,31
2012-04-11,3
2012-04-12,11
2012-04-13,54
2012-04-14,83
2012-04-15,31
2012-04-16,75
2012-04-17,35
2012-04-18,54
2012-04-19,82
2012-04-20,10
2012-04-21,37
2012-04-22,32
2012-04-23,77
2012-04-24,106
2012-04-25,210
2012-04-26,252
2012-04-27,155
2012-04-28,55
2012-04-29,152
2012-04-30,229
2012-05-01,217
2012-05-02,247
2012-05-03,281
2012-05-04,300
2012-05-05,220
2012-05-06,274
2012-05-07,243
2012-05-08,238
2012-05-09,161
2012-05-10,291
2012-05-11,324
2012-05-12,176
2012-05-13,210
2012-05-14,354
2012-05-15,460
2012-05-16,392
2012-05-17,458
2012-05-18,533
2012-05-19,175
2012-05-20,213
2012-05-21,315
2012-05-22,360
2012-05-23,332
2012-05-24,565
2012-05-25,371
2012-05-26,267
2012-05-27,190
2012-05-28,359
2012-05-29,506
2012-05-30,523
2012-05-31,299
2012-06-01,111
2012-06-02,290
2012-06-03,117
2012-06-04,248
2012-06-05,395
2012-06-06,529
2012-06-07,531
2012-06-08,401
2012-06-09,327
2012-06-10,249
2012-06-11,499
2012-06-12,533
2012-06-13,553
2012-06-14,676
2012-06-15,446
2012-06-16,450
2012-06-17,284
2012-06-18,550
2012-06-19,315
2012-06-20,217
2012-06-21,445
2012-06-22,473
2012-06-23,332
2012-06-24,339
2012-06-25,604
2012-06-26,664
2012-06-27,530
2012-06-28,617
2012-06-29,466
2012-06-30,327
2012-07-01,249
2012-07-02,582
2012-07-03,468
2012-07-04,553
2012-07-05,753
2012-07-06,588
2012-07-07,433
2012-07-08,384
2012-07-09,651
2012-07-10,760
2012-07-11,637
2012-07-12,493
2012-07-13,667
2012-07-14,552
2012-07-15,279
2012-07-16,569
2012-07-17,642
2012-07-18,591
2012-07-19,633
2012-07-20,483
2012-07-21,389
2012-07-22,342
2012-07-23,589
2012-07-24,630
2012-07-25,619
2012-07-26,418
2012-07-27,558
2012-07-28,394
2012-07-29,250
2012-07-30,418
2012-07-31,431
2012-08-01,270
2012-08-02,448
2012-08-03,346
2012-08-04,144
2012-08-05,154
2012-08-06,240
2012-08-07,457
2012-08-08,358
2012-08-09,461
2012-08-10,357
2012-08-11,290
2012-08-12,277
2012-08-13,557
2012-08-14,580
2012-08-15,449
2012-08-16,595
2012-08-17,557
2012-08-18,317
2012-08-19,344
2012-08-20,542
2012-08-21,786
2012-08-22,628
2012-08-23,640
2012-08-24,487
2012-08-25,442
2012-08-26,370
2012-08-27,531
2012-08-28,611
2012-08-29,678
2012-08-30,552
2012-08-31,306
2012-09-01,323
2012-09-02,211
2012-09-03,208
2012-09-04,195
2012-09-05,191
2012-09-06,127
2012-09-07,134
2012-09-08,109
2012-09-09,96
2012-09-10,134
2012-09-11,167
2012-09-12,159
2012-09-13,131
2012-09-14,178
2012-09-15,176
2012-09-16,105
2012-09-17,138
2012-09-18,173
2012-09-19,125
2012-09-20,139
2012-09-21,204
2012-09-22,176
2012-09-23,94
2012-09-24,274
2012-09-25,187
2012-09-26,216
2012-09-27,207
2012-09-28,207
2012-09-29,102
2012-09-30,61
2012-10-01,203
2012-10-02,156
2012-10-03,121
2012-10-04,116
2012-10-05,89
2012-10-06,78
2012-10-07,75
2012-10-08,172
2012-10-09,149
2012-10-10,126
2012-10-11,127
2012-10-12,194
2012-10-13,155
2012-10-14,62
2012-10-15,163
2012-10-16,126
2012-10-17,110
2012-10-18,190
2012-10-19,108
2012-10-20,74
2012-10-21,90
2012-10-22,157
2012-10-23,179
2012-10-24,147
2012-10-25,110
2012-10-26,84
2012-10-27,66
2012-10-28,82
2012-10-29,130
2012-10-30,154
2012-10-31,137
2012-11-01,123
2012-11-02,132
2012-11-03,115
2012-11-04,70
2012-11-05,155
2012-11-06,194
2012-11-07,188
2012-11-08,132
2012-11-09,125
2012-11-10,142
2012-11-11,79
2012-11-12,124
2012-11-13,168
2012-11-14,182
2012-11-15,107
2012-11-16,85
2012-11-17,99
2012-11-18,133
2012-11-19,180
2012-11-20,178
2012-11-21,240
2012-11-22,142
2012-11-23,203
2012-11-24,156
2012-11-25,117
2012-11-26,174
2012-11-27,166
2012-11-28,203
2012-11-29,162
2012-11-30,254
2012-12-01,258
2012-12-02,83
2012-12-03,199
2012-12-04,249
2012-12-05,232
2012-12-06,160
2012-12-07,144
2012-12-08,144
2012-12-09,173
2012-12-10,197
2012-12-11,266
2012-12-12,258
2012-12-13,178
2012-12-14,151
2012-12-15,132
2012-12-16,128
2012-12-17,249
2012-12-18,275
2012-12-19,209
2012-12-20,190
2012-12-21,157
2012-12-22,107
2012-12-23,82
2012-12-24,144
2012-12-25,85
2012-12-26,88
2012-12-27,124
2012-12-28,178
2012-12-29,154
2012-12-30,99
2012-12-31,112
2013-01-01,126
2013-01-02,123
2013-01-03,137
2013-01-04,108
2013-01-05,106
2013-01-06,127
2013-01-07,247
2013-01-08,146
2013-01-09,186
2013-01-10,306
2013-01-11,205
2013-01-12,340
2013-01-13,94
2013-01-14,107
2013-01-15,233
2013-01-16,141
2013-01-17,163
2013-01-18,171
2013-01-19,142
2013-01-20,137
2013-01-21,183
2013-01-22,153
2013-01-23,158
2013-01-24,104
2013-01-25,78
2013-01-26,119
2013-01-27,157
2013-01-28,142
2013-01-29,141
2013-01-30,154
2013-01-31,158
2013-02-01,90
2013-02-02,129
2013-02-03,126
2013-02-04,173
2013-02-05,158
2013-02-06,150
2013-02-07,128
2013-02-08,123
2013-02-09,73
2013-02-10,86
2013-02-11,131
2013-02-12,119
2013-02-13,142
2013-02-14,190
2013-02-15,111
2013-02-16,68
2013-02-17,151
2013-02-18,160
2013-02-19,149
2013-02-20,110
2013-02-21,113
2013-02-22,177
2013-02-23,127
2013-02-24,109
2013-02-25,182
2013-02-26,201
2013-02-27,198
2013-02-28,120
2013-03-01,127
2013-03-02,87
2013-03-03,115
2013-03-04,191
2013-03-05,124
2013-03-06,113
2013-03-07,135
2013-03-08,106
2013-03-09,65
2013-03-10,69
2013-03-11,111
2013-03-12,106
2013-03-13,249
2013-03-14,108
2013-03-15,137
2013-03-16,170
2013-03-17,223
2013-03-18,395
2013-03-19,292
2013-03-20,221
2013-03-21,197
2013-03-22,222
2013-03-23,172
2013-03-24,179
2013-03-25,169
2013-03-26,98
2013-03-27,117
2013-03-28,136
2013-03-29,192
2013-03-30,143
2013-03-31,138
2013-04-01,238
2013-04-02,309
2013-04-03,374
2013-04-04,162
2013-04-05,162
2013-04-06,98
2013-04-07,186
2013-04-08,211
2013-04-09,218
2013-04-10,243
2013-04-11,207
2013-04-12,65
2013-04-13,111
2013-04-14,58
2013-04-15,67
2013-04-16,94
2013-04-17,134
2013-04-18,99
2013-04-19,126
2013-04-20,119
2013-04-21,172
2013-04-22,217
2013-04-23,215
2013-04-24,184
2013-04-25,317
2013-04-26,211
2013-04-27,323
2013-04-28,146
2013-04-29,183
2013-04-30,248
2013-05-01,167
2013-05-02,145
2013-05-03,171
2013-05-04,88
2013-05-05,96
2013-05-06,244
2013-05-07,224
2013-05-08,214
2013-05-09,285
2013-05-10,192
2013-05-11,112
2013-05-12,185
2013-05-13,168
2013-05-14,195
2013-05-15,352
2013-05-16,197
2013-05-17,173
2013-05-18,115
2013-05-19,194
2013-05-20,263
2013-05-21,262
2013-05-22,262
2013-05-23,198
2013-05-24,155
2013-05-25,123
2013-05-26,166
2013-05-27,215
2013-05-28,207
2013-05-29,303
2013-05-30,134
2013-05-31,128
2013-06-01,108
2013-06-02,106
2013-06-03,216
2013-06-04,331
2013-06-05,356
2013-06-06,193
2013-06-07,119
2013-06-08,112
2013-06-09,151
2013-06-10,160
2013-06-11,159
2013-06-12,118
2013-06-13,159
2013-06-14,116
2013-06-15,100
2013-06-16,66
2013-06-17,254
2013-06-18,199
2013-06-19,176
2013-06-20,200
2013-06-21,238
2013-06-22,95
2013-06-23,100
2013-06-24,102
2013-06-25,177
2013-06-26,212
2013-06-27,340
2013-06-28,173
2013-06-29,67
2013-06-30,170
2013-07-01,158
2013-07-02,175
2013-07-03,196
2013-07-04,222
2013-07-05,191
2013-07-06,101
2013-07-07,155
2013-07-08,190
2013-07-09,160
2013-07-10,157
2013-07-11,164
2013-07-12,109
2013-07-13,41
2013-07-14,99
2013-07-15,141
2013-07-16,207
2013-07-17,140
2013-07-18,173
2013-07-19,225
2013-07-20,113
2013-07-21,74
2013-07-22,98
2013-07-23,185
2013-07-24,156
2013-07-25,194
2013-07-26,172
2013-07-27,108
2013-07-28,76
2013-07-29,155
2013-07-30,170
2013-07-31,180
2013-08-01,235
2013-08-02,201
2013-08-03,121
2013-08-04,170
2013-08-05,210
2013-08-06,115
2013-08-07,154
2013-08-08,255
2013-08-09,156
2013-08-10,79
2013-08-11,53
2013-08-12,63
2013-08-13,102
2013-08-14,131
2013-08-15,135
2013-08-16,131
2013-08-17,82
2013-08-18,56
2013-08-19,101
2013-08-20,80
2013-08-21,141
2013-08-22,215
2013-08-23,120
2013-08-24,165
2013-08-25,222
2013-08-26,251
2013-08-27,238
2013-08-28,188
2013-08-29,149
2013-08-30,186
2013-08-31,213
2013-09-01,76
2013-09-02,128
2013-09-03,152
2013-09-04,116
2013-09-05,216
2013-09-06,153
2013-09-07,60
2013-09-08,90
2013-09-09,115
2013-09-10,185
2013-09-11,126
2013-09-12,134
2013-09-13,274
2013-09-14,208
2013-09-15,108
2013-09-16,170
2013-09-17,179
2013-09-18,156
2013-09-19,147
2013-09-20,121
2013-09-21,108
2013-09-22,70
2013-09-23,88
2013-09-24,179
2013-09-25,189
2013-09-26,254
2013-09-27,180
2013-09-28,88
2013-09-29,132
2013-09-30,199
2013-10-01,178
2013-10-02,223
2013-10-03,221
2013-10-04,177
2013-10-05,216
2013-10-06,149
2013-10-07,228
2013-10-08,264
2013-10-09,205
2013-10-10,204
2013-10-11,140
2013-10-12,180
2013-10-13,217
2013-10-14,267
2013-10-15,236
2013-10-16,179
2013-10-17,188
2013-10-18,157
2013-10-19,165
2013-10-20,192
2013-10-21,372
2013-10-22,273
2013-10-23,216
2013-10-24,248
2013-10-25,171
2013-10-26,151
2013-10-27,178
2013-10-28,313
2013-10-29,228
2013-10-30,237
2013-10-31,212
2013-11-01,150
2013-11-02,214
2013-11-03,194
2013-11-04,285
2013-11-05,272
2013-11-06,196
2013-11-07,372
2013-11-08,184
2013-11-09,86
2013-11-10,114
2013-11-11,152
2013-11-12,261
2013-11-13,181
2013-11-14,415
2013-11-15,310
2013-11-16,179
2013-11-17,98
2013-11-18,169
2013-11-19,272
2013-11-20,189
2013-11-21,149
2013-11-22,135
2013-11-23,77
2013-11-24,60
2013-11-25,96
2013-11-26,203
2013-11-27,248
2013-11-28,105
2013-11-29,144
2013-11-30,101
2013-12-01,84
2013-12-02,133
2013-12-03,83
2013-12-04,8
2013-12-05,84
2013-12-06,60
2013-12-07,55
2013-12-08,113
2013-12-09,97
2013-12-10,74
2013-12-11,86
2013-12-12,82
2013-12-13,46
2013-12-14,48
2013-12-15,50
2013-12-16,81
2013-12-17,94
2013-12-18,67
2013-12-19,92
2013-12-20,118
2013-12-21,85
2013-12-22,45
2013-12-23,55
2013-12-24,85
2013-12-25,62
2013-12-26,81
2013-12-27,18
2013-12-28,22
2013-12-29,52
2013-12-30,83
2013-12-31,95
2014-01-01,87
2014-01-02,50
2014-01-03,108
2014-01-04,76
2014-01-05,142
2014-01-06,192
2014-01-07,90
2014-01-08,140
2014-01-09,132
2014-01-10,45
2014-01-11,26
2014-01-12,16
2014-01-13,32
2014-01-14,17
2014-01-15,19
2014-01-16,34
2014-01-17,28
2014-01-18,19
2014-01-19,17
2014-01-20,24
2014-01-21,30
2014-01-22,36
2014-01-23,38
2014-01-24,20
2014-01-25,20
2014-01-26,26
2014-01-27,49
2014-01-28,64
2014-01-29,46
2014-01-30,55
2014-01-31,40
2014-02-01,34
2014-02-02,14
2014-02-03,21
2014-02-04,47
2014-02-05,100
2014-02-06,78
2014-02-07,118
2014-02-08,65
2014-02-09,44
2014-02-10,120
2014-02-11,140
2014-02-12,157
2014-02-13,180
2014-02-14,127
2014-02-15,53
2014-02-16,94
2014-02-17,71
2014-02-18,147
2014-02-19,138
2014-02-20,90
2014-02-21,40
2014-02-22,31
2014-02-23,35
2014-02-24,69
2014-02-25,104
2014-02-26,60
2014-02-27,109
2014-02-28,52
2014-03-01,43
2014-03-02,65
2014-03-03,164
2014-03-04,82
2014-03-05,81
2014-03-06,43
2014-03-07,77
2014-03-08,71
2014-03-09,105
2014-03-10,69
2014-03-11,98
2014-03-12,91
2014-03-13,77
2014-03-14,41
2014-03-15,63
2014-03-16,48
2014-03-17,67
2014-03-18,63
2014-03-19,128
2014-03-20,109
2014-03-21,90
2014-03-22,80
2014-03-23,87
2014-03-24,154
2014-03-25,218
2014-03-26,168
2014-03-27,79
2014-03-28,90
2014-03-29,82
2014-03-30,154
2014-03-31,115
2014-04-01,69
2014-04-02,116
2014-04-03,121
2014-04-04,102
2014-04-05,81
2014-04-06,165
2014-04-07,153
2014-04-08,98
2014-04-09,53
2014-04-10,117
2014-04-11,201
2014-04-12,95
2014-04-13,37
2014-04-14,16
2014-04-15,10
2014-04-16,71
2014-04-17,112
2014-04-18,153
2014-04-19,67
2014-04-20,27
2014-04-21,120
2014-04-22,228
2014-04-23,260
2014-04-24,206
2014-04-25,119
2014-04-26,61
2014-04-27,180
2014-04-28,207
2014-04-29,133
2014-04-30,187
2014-05-01,111
2014-05-02,99
2014-05-03,82
2014-05-04,102
2014-05-05,105
2014-05-06,138
2014-05-07,163
2014-05-08,115
2014-05-09,149
2014-05-10,171
2014-05-11,146
2014-05-12,176
2014-05-13,176
2014-05-14,208
2014-05-15,180
2014-05-16,95
2014-05-17,113
2014-05-18,52
2014-05-19,80
2014-05-20,166
2014-05-21,174
2014-05-22,188
2014-05-23,104
2014-05-24,137
2014-05-25,101
2014-05-26,110
2014-05-27,165
2014-05-28,130
2014-05-29,127
2014-05-30,123
2014-05-31,154
2014-06-01,104
2014-06-02,113
2014-06-03,127
2014-06-04,129
2014-06-05,163
2014-06-06,108
2014-06-07,72
2014-06-08,101
2014-06-09,109
2014-06-10,107
2014-06-11,60
2014-06-12,111
2014-06-13,86
2014-06-14,119
2014-06-15,96
2014-06-16,64
2014-06-17,97
2014-06-18,156
2014-06-19,96
2014-06-20,154
2014-06-21,150
2014-06-22,125
2014-06-23,195
2014-06-24,151
2014-06-25,245
2014-06-26,201
2014-06-27,163
2014-06-28,156
2014-06-29,121
2014-06-30,103
2014-07-01,121
2014-07-02,174
2014-07-03,271
2014-07-04,228
2014-07-05,107
2014-07-06,150
2014-07-07,176
2014-07-08,154
2014-07-09,120
2014-07-10,73
2014-07-11,68
2014-07-12,73
2014-07-13,64
2014-07-14,133
2014-07-15,72
2014-07-16,164
2014-07-17,206
2014-07-18,346
2014-07-19,114
2014-07-20,38
2014-07-21,37
2014-07-22,100
2014-07-23,127
2014-07-24,223
2014-07-25,144
2014-07-26,109
2014-07-27,34
2014-07-28,240
2014-07-29,194
2014-07-30,159
2014-07-31,130
2014-08-01,169
2014-08-02,316
2014-08-03,95
2014-08-04,146
2014-08-05,183
2014-08-06,167
2014-08-07,180
2014-08-08,170
2014-08-09,86
2014-08-10,73
2014-08-11,84
2014-08-12,155
2014-08-13,162
2014-08-14,217
2014-08-15,76
2014-08-16,68
2014-08-17,148
2014-08-18,87
2014-08-19,65
2014-08-20,111
2014-08-21,129
2014-08-22,98
2014-08-23,87
2014-08-24,66
2014-08-25,206
2014-08-26,240
2014-08-27,289
2014-08-28,161
2014-08-29,112
2014-08-30,93
2014-08-31,93
2014-09-01,123
2014-09-02,77
2014-09-03,158
2014-09-04,160
2014-09-05,111
2014-09-06,74
2014-09-07,114
2014-09-08,136
2014-09-09,140
2014-09-10,135
2014-09-11,135
2014-09-12,186
2014-09-13,90
2014-09-14,43
2014-09-15,139
2014-09-16,236
2014-09-17,140
2014-09-18,75
2014-09-19,51
2014-09-20,131
2014-09-21,101
2014-09-22,267
2014-09-23,212
2014-09-24,318
2014-09-25,416
2014-09-26,261
2014-09-27,104
2014-09-28,80
2014-09-29,112
2014-09-30,128
2014-10-01,79
2014-10-02,88
2014-10-03,53
2014-10-04,31
2014-10-05,22
2014-10-06,36
2014-10-07,62
2014-10-08,32
2014-10-09,44
2014-10-10,49
2014-10-11,35
2014-10-12,20
2014-10-13,40
2014-10-14,60
2014-10-15,58
2014-10-16,87
2014-10-17,51
2014-10-18,32
2014-10-19,39
2014-10-20,78
2014-10-21,74
2014-10-22,71
2014-10-23,90
2014-10-24,99
2014-10-25,78
2014-10-26,54
2014-10-27,55
2014-10-28,104
2014-10-29,157
2014-10-30,96
2014-10-31,103
2014-11-01,58
2014-11-02,57
2014-11-03,76
2014-11-04,121
2014-11-05,180
2014-11-06,146
2014-11-07,202
2014-11-08,204
2014-11-09,89
2014-11-10,140
2014-11-11,140
2014-11-12,255
2014-11-13,291
2014-11-14,164
2014-11-15,139
2014-11-16,129
2014-11-17,162
2014-11-18,290
2014-11-19,188
2014-11-20,167
2014-11-21,417
2014-11-22,157
2014-11-23,104
2014-11-24,200
2014-11-25,302
2014-11-26,195
2014-11-27,84
2014-11-28,167
2014-11-29,73
2014-11-30,151
2014-12-01,231
2014-12-02,190
2014-12-03,199
2014-12-04,145
2014-12-05,86
2014-12-06,80
2014-12-07,65
2014-12-08,184
2014-12-09,188
2014-12-10,239
2014-12-11,110
2014-12-12,118
2014-12-13,56
2014-12-14,59
2014-12-15,166
2014-12-16,97
2014-12-17,32
2014-12-18,52
2014-12-19,56
2014-12-20,44
2014-12-21,42
2014-12-22,55
2014-12-23,47
2014-12-24,43
2014-12-25,25
2014-12-26,18
2014-12-27,48
2014-12-28,17
2014-12-29,49
2014-12-30,33
2014-12-31,31
2015-01-01,15
2015-01-02,18
2015-01-03,18
2015-01-04,7
2015-01-05,31
2015-01-06,15
2015-01-07,31
2015-01-08,17
2015-01-09,176
2015-01-10,22
2015-01-11,18
2015-01-12,39
2015-01-13,26
2015-01-14,23
2015-01-15,33
2015-01-16,35
2015-01-17,29
2015-01-18,30
2015-01-19,33
2015-01-20,40
2015-01-21,61
2015-01-22,49
2015-01-23,48
2015-01-24,48
2015-01-25,36
2015-01-26,80
2015-01-27,73
2015-01-28,56
2015-01-29,64
2015-01-30,49
2015-01-31,27
2015-02-01,26
2015-02-02,58
2015-02-03,43
2015-02-04,17
2015-02-05,24
2015-02-06,52
2015-02-07,29
2015-02-08,18
2015-02-09,61
2015-02-10,48
2015-02-11,80
2015-02-12,44
2015-02-13,34
2015-02-14,26
2015-02-15,14
2015-02-16,55
2015-02-17,74
2015-02-18,48
2015-02-19,57
2015-02-20,48
2015-02-21,32
2015-02-22,18
2015-02-23,47
2015-02-24,41
2015-02-25,88
2015-02-26,69
2015-02-27,84
2015-02-28,57
2015-03-01,31
2015-03-02,57
2015-03-03,59
2015-03-04,68
2015-03-05,51
2015-03-06,72
2015-03-07,31
2015-03-08,20
2015-03-09,82
2015-03-10,62
2015-03-11,64
2015-03-12,64
2015-03-13,57
2015-03-14,41
2015-03-15,28
2015-03-16,45
2015-03-17,80
2015-03-18,90
2015-03-19,131
2015-03-20,109
2015-03-21,60
2015-03-22,52
2015-03-23,63
2015-03-24,42
2015-03-25,53
2015-03-26,73
2015-03-27,55
2015-03-28,28
2015-03-29,33
2015-03-30,49
2015-03-31,33
2015-04-01,84
2015-04-02,115
2015-04-03,45
2015-04-04,38
2015-04-05,40
2015-04-06,71
2015-04-07,45
2015-04-08,131
2015-04-09,78
2015-04-10,66
2015-04-11,59
2015-04-12,37
2015-04-13,43
2015-04-14,30
2015-04-15,36
2015-04-16,47
2015-04-17,54
2015-04-18,38
2015-04-19,21
2015-04-20,59
2015-04-21,74
2015-04-22,114
2015-04-23,114
2015-04-24,83
2015-04-25,67
2015-04-26,39
2015-04-27,88
2015-04-28,110
2015-04-29,42
2015-04-30,82
2015-05-01,40
2015-05-02,45
2015-05-03,17
2015-05-04,28
2015-05-05,82
2015-05-06,56
2015-05-07,61
2015-05-08,80
2015-05-09,21
2015-05-10,29
2015-05-11,61
2015-05-12,59
2015-05-13,65
2015-05-14,32
2015-05-15,40
2015-05-16,31
2015-05-17,35
2015-05-18,75
2015-05-19,66
2015-05-20,95
2015-05-21,73
2015-05-22,69
2015-05-23,80
2015-05-24,118
2015-05-25,129
2015-05-26,100
2015-05-27,123
2015-05-28,118
2015-05-29,79
2015-05-30,49
2015-05-31,46
2015-06-01,55
2015-06-02,71
2015-06-03,56
2015-06-04,40
2015-06-05,79
2015-06-06,53
2015-06-07,53
2015-06-08,66
2015-06-09,64
2015-06-10,61
2015-06-11,79
2015-06-12,84
2015-06-13,41
2015-06-14,42
2015-06-15,80
2015-06-16,74
2015-06-17,136
2015-06-18,108
2015-06-19,61
2015-06-20,36
2015-06-21,24
2015-06-22,98
2015-06-23,96
2015-06-24,136
2015-06-25,128
2015-06-26,122
2015-06-27,81
2015-06-28,54
2015-06-29,53
2015-06-30,116
2015-07-01,129
2015-07-02,82
2015-07-03,89
2015-07-04,53
2015-07-05,42
2015-07-06,90
2015-07-07,56
2015-07-08,101
2015-07-09,92
2015-07-10,158
2015-07-11,78
2015-07-12,109
2015-07-13,190
2015-07-14,178
2015-07-15,78
2015-07-16,138
2015-07-17,66
2015-07-18,36
2015-07-19,26
2015-07-20,34
2015-07-21,37
2015-07-22,39
2015-07-23,45
2015-07-24,43
2015-07-25,65
2015-07-26,62
2015-07-27,41
2015-07-28,52
2015-07-29,32
2015-07-30,50
2015-07-31,26
2015-08-01,19
2015-08-02,48
2015-08-03,183
2015-08-04,195
2015-08-05,102
2015-08-06,53
2015-08-07,89
2015-08-08,54
2015-08-09,57
2015-08-10,64
2015-08-11,80
2015-08-12,64
2015-08-13,76
2015-08-14,35
2015-08-15,35
2015-08-16,32
2015-08-17,48
2015-08-18,20
2015-08-19,21
2015-08-20,51
2015-08-21,44
2015-08-22,39
2015-08-23,25
2015-08-24,73
2015-08-25,41
2015-08-26,58
2015-08-27,78
2015-08-28,68
2015-08-29,60
2015-08-30,33
2015-08-31,35
2015-09-01,71
2015-09-02,150
2015-09-03,104
2015-09-04,46
2015-09-05,55
2015-09-06,53
2015-09-07,80
2015-09-08,120
2015-09-09,109
2015-09-10,73
2015-09-11,44
2015-09-12,72
2015-09-13,75
2015-09-14,195
2015-09-15,177
2015-09-16,154
2015-09-17,80
2015-09-18,80
2015-09-19,37
2015-09-20,49
2015-09-21,64
2015-09-22,69
2015-09-23,58
2015-09-24,73
2015-09-25,52
2015-09-26,53
2015-09-27,50
2015-09-28,64
2015-09-29,78
2015-09-30,77
2015-10-01,93
2015-10-02,96
2015-10-03,55
2015-10-04,46
2015-10-05,70
2015-10-06,82
2015-10-07,159
2015-10-08,126
2015-10-09,90
2015-10-10,53
2015-10-11,47
2015-10-12,82
2015-10-13,150
2015-10-14,130
2015-10-15,115
2015-10-16,124
2015-10-17,65
2015-10-18,43
2015-10-19,104
2015-10-20,158
2015-10-21,138
2015-10-22,106
2015-10-23,142
2015-10-24,52
2015-10-25,81
2015-10-26,113
2015-10-27,126
2015-10-28,182
2015-10-29,142
2015-10-30,97
2015-10-31,76
2015-11-01,66
2015-11-02,96
2015-11-03,65
2015-11-04,73
2015-11-05,68
2015-11-06,87
2015-11-07,37
2015-11-08,30
2015-11-09,51
2015-11-10,60
2015-11-11,54
2015-11-12,46
2015-11-13,77
2015-11-14,62
2015-11-15,71
2015-11-16,110
2015-11-17,123
2015-11-18,85
2015-11-19,137
2015-11-20,75
2015-11-21,69
2015-11-22,39
2015-11-23,57
2015-11-24,59
2015-11-25,90
2015-11-26,134
2015-11-27,101
2015-11-28,69
2015-11-29,39
2015-11-30,54
2015-12-01,72
2015-12-02,85
2015-12-03,123
2015-12-04,123
2015-12-05,70
2015-12-06,33
2015-12-07,84
2015-12-08,94
2015-12-09,105
2015-12-10,130
2015-12-11,118
2015-12-12,87
2015-12-13,55
2015-12-14,95
2015-12-15,133
2015-12-16,104
2015-12-17,180
2015-12-18,101
2015-12-19,32
2015-12-20,39
2015-12-21,73
2015-12-22,84
2015-12-23,113
2015-12-24,116
2015-12-25,55
2015-12-26,40
2015-12-27,44
2015-12-28,120
2015-12-29,78
2015-12-30,82
2015-12-31,78
2016-01-01,72
2016-01-02,47
2016-01-03,41
2016-01-04,63
2016-01-05,66
2016-01-06,66
2016-01-07,110
2016-01-08,191
2016-01-09,196
2016-01-10,85
2016-01-11,117
2016-01-12,117
2016-01-13,127
2016-01-14,92
2016-01-15,101
2016-01-16,80
2016-01-17,50
2016-01-18,156
2016-01-19,139
2016-01-20,103
2016-01-21,114
2016-01-22,105
2016-01-23,47
2016-01-24,49
2016-01-25,66
2016-01-26,139
2016-01-27,117
2016-01-28,68
2016-01-29,119
2016-01-30,57
2016-01-31,48
2016-02-01,67
2016-02-02,152
2016-02-03,124
2016-02-04,107
2016-02-05,204
2016-02-06,189
2016-02-07,105
2016-02-08,220
2016-02-09,146
2016-02-10,98
2016-02-11,139
2016-02-12,101
2016-02-13,58
2016-02-14,73
2016-02-15,223
2016-02-16,249
2016-02-17,152
2016-02-18,171
2016-02-19,137
2016-02-20,72
2016-02-21,86
2016-02-22,198
2016-02-23,155
2016-02-24,128
2016-02-25,128
2016-02-26,176
2016-02-27,150
2016-02-28,74
2016-02-29,119
2016-03-01,78
2016-03-02,120
2016-03-03,90
2016-03-04,121
2016-03-05,59
2016-03-06,58
2016-03-07,137
2016-03-08,195
2016-03-09,176
2016-03-10,132
2016-03-11,157
2016-03-12,74
2016-03-13,82
2016-03-14,181
2016-03-15,255
2016-03-16,108
2016-03-17,169
2016-03-18,158
2016-03-19,64
2016-03-20,100
2016-03-21,76
2016-03-22,71
2016-03-23,84
2016-03-24,90
2016-03-25,71
2016-03-26,44
2016-03-27,99
2016-03-28,89
2016-03-29,139
2016-03-30,72
2016-03-31,128
2016-04-01,182
2016-04-02,62
2016-04-03,71
2016-04-04,87
2016-04-05,118
2016-04-06,124
2016-04-07,78
2016-04-08,100
2016-04-09,43
2016-04-10,54
2016-04-11,66
2016-04-12,96
2016-04-13,39
2016-04-14,87
2016-04-15,32
2016-04-16,68
2016-04-17,130
2016-04-18,72
2016-04-19,56
2016-04-20,120
2016-04-21,70
2016-04-22,63
2016-04-23,62
2016-04-24,37
2016-04-25,71
2016-04-26,101
2016-04-27,130
2016-04-28,74
2016-04-29,30
2016-04-30,34
2016-05-01,48
2016-05-02,83
2016-05-03,124
2016-05-04,96
2016-05-05,110
2016-05-06,101
2016-05-07,44
2016-05-08,63
2016-05-09,103
2016-05-10,62
2016-05-11,105
2016-05-12,71
2016-05-13,118
2016-05-14,100
2016-05-15,68
2016-05-16,127
2016-05-17,109
2016-05-18,149
2016-05-19,110
2016-05-20,75
2016-05-21,29
2016-05-22,32
2016-05-23,133
2016-05-24,108
2016-05-25,89
2016-05-26,91
2016-05-27,79
2016-05-28,50
2016-05-29,27
2016-05-30,69
2016-05-31,58
2016-06-01,107
2016-06-02,98
2016-06-03,89
2016-06-04,114
2016-06-05,98
2016-06-06,96
2016-06-07,100
2016-06-08,91
2016-06-09,57
2016-06-10,84
2016-06-11,41
2016-06-12,68
2016-06-13,100
2016-06-14,121
2016-06-15,78
2016-06-16,86
2016-06-17,93
2016-06-18,49
2016-06-19,33
2016-06-20,50
2016-06-21,71
2016-06-22,79
2016-06-23,144
2016-06-24,192
2016-06-25,75
2016-06-26,56
2016-06-27,105
2016-06-28,93
2016-06-29,97
2016-06-30,54
2016-07-01,52
2016-07-02,59
2016-07-03,34
2016-07-04,89
2016-07-05,163
2016-07-06,71
2016-07-07,88
2016-07-08,34
2016-07-09,40
2016-07-10,37
2016-07-11,120
2016-07-12,114
2016-07-13,56
2016-07-14,108
2016-07-15,116
2016-07-16,81
2016-07-17,106
2016-07-18,135
2016-07-19,261
2016-07-20,290
2016-07-21,308
2016-07-22,334
2016-07-23,137
2016-07-24,58
2016-07-25,138
2016-07-26,176
2016-07-27,60
2016-07-28,138
2016-07-29,147
2016-07-30,75
2016-07-31,90
2016-08-01,414
2016-08-02,393
2016-08-03,338
2016-08-04,203
2016-08-05,190
2016-08-06,173
2016-08-07,86
2016-08-08,332
2016-08-09,352
2016-08-10,474
2016-08-11,443
2016-08-12,254
2016-08-13,198
2016-08-14,194
2016-08-15,395
2016-08-16,201
2016-08-17,228
2016-08-18,418
2016-08-19,375
2016-08-20,174
2016-08-21,285
2016-08-22,414
2016-08-23,285
2016-08-24,323
2016-08-25,408
2016-08-26,302
2016-08-27,135
2016-08-28,192
2016-08-29,175
2016-08-30,243
2016-08-31,338
2016-09-01,535
2016-09-02,315
2016-09-03,194
2016-09-04,286
2016-09-05,423
2016-09-06,458
2016-09-07,391
2016-09-08,459
2016-09-09,259
2016-09-10,226
2016-09-11,209
2016-09-12,304
2016-09-13,329
2016-09-14,307
2016-09-15,480
2016-09-16,225
2016-09-17,202
2016-09-18,172
2016-09-19,400
2016-09-20,319
2016-09-21,345
2016-09-22,442
2016-09-23,363
2016-09-24,275
2016-09-25,213
2016-09-26,299
2016-09-27,418
2016-09-28,382
2016-09-29,341
2016-09-30,308
2016-10-01,247
2016-10-02,231
2016-10-03,313
2016-10-04,271
2016-10-05,289
2016-10-06,290
2016-10-07,276
2016-10-08,227
2016-10-09,219
2016-10-10,265
2016-10-11,374
2016-10-12,341
2016-10-13,349
2016-10-14,426
2016-10-15,149
2016-10-16,148
2016-10-17,352
2016-10-18,349
2016-10-19,282
2016-10-20,270
2016-10-21,330
2016-10-22,157
2016-10-23,227
2016-10-24,309
2016-10-25,463
2016-10-26,388
2016-10-27,270
2016-10-28,397
2016-10-29,221
2016-10-30,140
2016-10-31,263
2016-11-01,423
2016-11-02,344
2016-11-03,563
2016-11-04,224
2016-11-05,144
2016-11-06,162
2016-11-07,353
2016-11-08,396
2016-11-09,356
2016-11-10,315
2016-11-11,260
2016-11-12,144
2016-11-13,251
2016-11-14,317
2016-11-15,242
2016-11-16,289
2016-11-17,351
2016-11-18,376
2016-11-19,243
2016-11-20,245
2016-11-21,345
2016-11-22,422
2016-11-23,288
2016-11-24,278
2016-11-25,216
2016-11-26,158
2016-11-27,155
2016-11-28,226
2016-11-29,164
2016-11-30,308
2016-12-01,454
2016-12-02,434
2016-12-03,315
2016-12-04,179
2016-12-05,260
2016-12-06,397
2016-12-07,273
2016-12-08,300
2016-12-09,252
2016-12-10,164
2016-12-11,261
2016-12-12,272
2016-12-13,175
2016-12-14,276
2016-12-15,130
2016-12-16,69
2016-12-17,61
2016-12-18,60
2016-12-19,160
2016-12-20,161
2016-12-21,174
2016-12-22,236
2016-12-23,202
2016-12-24,154
2016-12-25,164
2016-12-26,214
2016-12-27,185
2016-12-28,235
2016-12-29,377
2016-12-30,362
2016-12-31,155
2017-01-01,105
2017-01-02,194
2017-01-03,312
2017-01-04,207
2017-01-05,304
2017-01-06,269
2017-01-07,199
2017-01-08,272
2017-01-09,274
2017-01-10,437
2017-01-11,422
2017-01-12,208
2017-01-13,278
2017-01-14,231
2017-01-15,246
2017-01-16,425
2017-01-17,328
2017-01-18,291
2017-01-19,399
2017-01-20,316
2017-01-21,199
2017-01-22,229
2017-01-23,333
2017-01-24,406
2017-01-25,284
2017-01-26,280
2017-01-27,331
2017-01-28,265
2017-01-29,198
2017-01-30,355
2017-01-31,430
2017-02-01,309
2017-02-02,578
2017-02-03,370
2017-02-04,268
2017-02-05,254
2017-02-06,353
2017-02-07,291
2017-02-08,289
2017-02-09,396
2017-02-10,236
2017-02-11,212
2017-02-12,226
2017-02-13,256
2017-02-14,392
2017-02-15,241
2017-02-16,162
2017-02-17,366
2017-02-18,246
2017-02-19,225
2017-02-20,325
2017-02-21,340
2017-02-22,510
2017-02-23,251
2017-02-24,211
2017-02-25,122
2017-02-26,212
2017-02-27,78
